Crosswalk of author assigned cell types to Cell Ontology,,,,,,
,,,,,,
Source:,Author assigned cell types from datasets with Cell Ontology mappings,,,,,
Organ Level anatomogram:,EBI Single Cell Expression Atlas (https://www.ebi.ac.uk/gxa/sc/),,,,,
Generated by:,src/anatomogram/build_crosswalk.py,,,,,
,,,,,,
Organ_Level,Organ_ID,Annotation_Label,Annotation_Label_ID,CL_Label,CL_ID,CL_Match
anatomogram,UBERON:0002113,epithelial cell of proximal tubule,AUTH:0000001,epithelial cell of proximal tubule,CL:0002306,skos:exactMatch
anatomogram,UBERON:0002113,fibroblast,AUTH:0000002,fibroblast,CL:0000057,skos:exactMatch
anatomogram,UBERON:0002113,glomerular visceral epithelial cell,AUTH:0000003,glomerular visceral epithelial cell,CL:0000653,skos:exactMatch
anatomogram,UBERON:0002113,kidney capillary endothelial cell,AUTH:0000004,kidney capillary endothelial cell,CL:1000892,skos:exactMatch
anatomogram,UBERON:0002113,kidney connecting tubule epithelial cell,AUTH:0000005,kidney connecting tubule epithelial cell,CL:1000768,skos:exactMatch
anatomogram,UBERON:0002113,kidney distal convoluted tubule epithelial cell,AUTH:0000006,kidney distal convoluted tubule epithelial cell,CL:1000849,skos:exactMatch
anatomogram,UBERON:0002113,kidney loop of Henle thick ascending limb epithelial cell,AUTH:0000007,kidney loop of Henle thick ascending limb epithelial cell,CL:1001106,skos:exactMatch
anatomogram,UBERON:0002113,leukocyte,AUTH:0000008,leukocyte,CL:0000738,skos:exactMatch
anatomogram,UBERON:0002113,mesangial cell,AUTH:0000009,mesangial cell,CL:0000777,skos:exactMatch
anatomogram,UBERON:0002113,parietal epithelial cell,AUTH:0000010,parietal epithelial cell,CL:1000452,skos:exactMatch
anatomogram,UBERON:0002113,renal alpha-intercalated cell,AUTH:0000011,renal alpha-intercalated cell,CL:0005011,skos:exactMatch
anatomogram,UBERON:0002113,renal beta-intercalated cell,AUTH:0000012,renal beta-intercalated cell,CL:0002201,skos:exactMatch
anatomogram,UBERON:0002113,renal principal cell,AUTH:0000013,renal principal cell,CL:0005009,skos:exactMatch
anatomogram,UBERON:0002107,B cell,AUTH:0000014,B cell,CL:0000236,skos:exactMatch
anatomogram,UBERON:0002107,cholangiocyte,AUTH:0000015,cholangiocyte,CL:1000488,skos:exactMatch
anatomogram,UBERON:0002107,endothelial cell of hepatic sinusoid,AUTH:0000016,endothelial cell of hepatic sinusoid,CL:1000398,skos:exactMatch
anatomogram,UBERON:0002107,hematopoietic stem cell,AUTH:0000017,hematopoietic stem cell,CL:0000037,skos:exactMatch
anatomogram,UBERON:0002107,hepatocyte,AUTH:0000018,hepatocyte,CL:0000182,skos:exactMatch
anatomogram,UBERON:0002107,Kupffer cell,AUTH:0000019,Kupffer cell,CL:0000091,skos:exactMatch
anatomogram,UBERON:0002107,macrophage,AUTH:0000020,macrophage,CL:0000235,skos:exactMatch
anatomogram,UBERON:0002107,mesothelial cell,AUTH:0000021,mesothelial cell,CL:0000077,skos:exactMatch
anatomogram,UBERON:0002107,natural killer cell,AUTH:0000022,natural killer cell,CL:0000623,skos:exactMatch
anatomogram,UBERON:0002107,plasma cell,AUTH:0000023,plasma cell,CL:0000786,skos:exactMatch
anatomogram,UBERON:0002107,T cell,AUTH:0000024,T cell,CL:0000084,skos:exactMatch
anatomogram,UBERON:0002048,B cell,AUTH:0000025,B cell,CL:0000236,skos:exactMatch
anatomogram,UBERON:0002048,fibroblast of lung,AUTH:0000026,fibroblast of lung,CL:0002553,skos:exactMatch
anatomogram,UBERON:0002048,lung ciliated cell,AUTH:0000027,lung ciliated cell,CL:1000271,skos:exactMatch
anatomogram,UBERON:0002048,lung endothelial cell,AUTH:0000028,lung endothelial cell,CL:1001567,skos:exactMatch
anatomogram,UBERON:0002048,lung macrophage,AUTH:0000029,lung macrophage,CL:1001603,skos:exactMatch
anatomogram,UBERON:0002048,lung secretory cell,AUTH:0000030,lung secretory cell,CL:1000272,skos:exactMatch
anatomogram,UBERON:0002048,lymphocyte,AUTH:0000031,lymphocyte,CL:0000542,skos:exactMatch
anatomogram,UBERON:0002048,mast cell,AUTH:0000032,mast cell,CL:0000097,skos:exactMatch
anatomogram,UBERON:0002048,natural killer cell,AUTH:0000033,natural killer cell,CL:0000623,skos:exactMatch
anatomogram,UBERON:0002048,T cell,AUTH:0000034,T cell,CL:0000084,skos:exactMatch
anatomogram,UBERON:0002048,type I pneumocyte,AUTH:0000035,type I pneumocyte,CL:0002062,skos:exactMatch
anatomogram,UBERON:0002048,type II pneumocyte,AUTH:0000036,type II pneumocyte,CL:0002063,skos:exactMatch
anatomogram,UBERON:0001264,acinar cell,AUTH:0000037,acinar cell,CL:0000622,skos:exactMatch
anatomogram,UBERON:0001264,endothelial cell,AUTH:0000038,endothelial cell,CL:0000115,skos:exactMatch
anatomogram,UBERON:0001264,mast cell,AUTH:0000039,mast cell,CL:0000097,skos:exactMatch
anatomogram,UBERON:0001264,pancreatic A cell,AUTH:0000040,pancreatic A cell,CL:0000171,skos:exactMatch
anatomogram,UBERON:0001264,pancreatic D cell,AUTH:0000041,pancreatic D cell,CL:0000173,skos:exactMatch
anatomogram,UBERON:0001264,pancreatic ductal cell,AUTH:0000042,pancreatic ductal cell,CL:0002079,skos:exactMatch
anatomogram,UBERON:0001264,pancreatic endocrine cell,AUTH:0000043,pancreatic endocrine cell,CL:0008024,skos:exactMatch
anatomogram,UBERON:0001264,pancreatic epsilon cell,AUTH:0000044,pancreatic epsilon cell,CL:0005019,skos:exactMatch
anatomogram,UBERON:0001264,pancreatic PP cell,AUTH:0000045,pancreatic PP cell,CL:0002275,skos:exactMatch
anatomogram,UBERON:0001264,pancreatic stellate cell,AUTH:0000046,pancreatic stellate cell,CL:0002410,skos:exactMatch
anatomogram,UBERON:0001264,professional antigen presenting cell,AUTH:0000047,professional antigen presenting cell,CL:0000145,skos:exactMatch
anatomogram,UBERON:0001264,type B pancreatic cell,AUTH:0000048,type B pancreatic cell,CL:0000169,skos:exactMatch
